Intern_ID,Tasks_Assigned,Tasks_Completed,Avg_Task_Time_Hours,Attendance_Percentage,Consistency_Score,Engagement_Score,Feedback_Score,Learning_Progress,Deadline_Misses,Performance_Label
INT_0001,11,24,1.7,71.41,5.34,7.47,1.6,1.88,9,High
INT_0002,24,23,2.7,85.88,2.76,8.76,1.17,1.4,8,High
INT_0003,19,13,6.06,84.62,6.5,2.61,8.44,2.67,6,High
INT_0004,15,7,6.99,99.56,3.53,8.2,5.72,5.87,1,High
INT_0005,12,6,6.81,56.42,2.86,5.97,7.98,6.81,8,High
INT_0006,25,5,3.78,55.21,5.65,4.57,3.11,1.41,3,High
INT_0007,11,21,5.68,86.22,1.05,2.19,4.11,9.51,7,High
INT_0008,23,22,2.43,78.92,1.07,8.79,1.27,8.58,6,High
INT_0009,27,27,3.05,63.71,2.97,2.42,9.65,3.67,6,High
INT_0010,15,20,7.27,53.97,1.33,3.79,7.01,1.69,7,High
INT_0011,15,17,1.09,54.28,1.97,3.61,9.4,2.53,0,High
INT_0012,28,11,1.6,94.71,4.05,8.84,3.39,2.14,4,High
INT_0013,25,19,2.46,59.59,8.22,7.05,6.5,2.11,1,High
INT_0014,8,16,1.19,66.17,6.15,8.17,7.11,5.67,1,High
INT_0015,12,17,2.27,61.33,5.61,3.25,3.86,3.21,0,High
INT_0016,28,3,5.08,67.75,3.64,6.62,8.63,4.22,4,High
INT_0017,7,23,3.95,53.47,9.39,6.15,9.52,9.91,1,High
INT_0018,26,24,7.25,75.95,4.57,8.5,8.96,7.16,3,High
INT_0019,25,24,6.72,53.38,1.78,9.15,7.65,9.54,2,High
INT_0020,6,5,3.39,90.02,6.55,1.11,3.5,2.28,2,High
INT_0021,28,18,2.82,61.69,2.02,7.07,3.53,4.44,1,High
INT_0022,16,25,3.66,77.0,4.11,1.47,9.67,5.99,5,High
INT_0023,10,27,5.13,94.0,5.57,5.94,1.09,1.69,1,High
INT_0024,6,13,2.88,82.54,8.87,3.59,7.44,1.04,7,High
INT_0025,25,14,5.37,76.65,5.44,3.76,7.36,7.03,7,High
INT_0026,5,12,3.87,66.22,7.32,4.18,6.6,6.78,4,High
INT_0027,16,18,4.86,66.65,9.94,6.59,9.91,4.7,9,High
INT_0028,26,10,4.05,83.47,2.18,4.01,3.81,5.41,6,High
INT_0029,16,8,3.06,99.71,3.47,7.59,4.06,4.74,3,High
INT_0030,29,14,7.64,83.09,4.55,4.64,1.71,1.22,0,High
INT_0031,21,26,6.35,77.89,4.8,1.62,4.99,4.02,1,High
INT_0032,14,23,1.98,86.53,4.7,8.05,3.35,2.59,9,High
INT_0033,20,10,7.08,73.26,9.17,3.57,4.09,1.89,9,High
INT_0034,19,28,4.41,53.01,7.43,4.89,8.51,9.61,3,High
INT_0035,19,6,7.26,78.11,6.47,7.17,9.42,6.39,0,High
INT_0036,23,28,6.6,97.88,3.78,3.99,2.67,7.56,7,High
INT_0037,16,10,3.98,58.77,8.41,1.51,4.35,3.84,8,High
INT_0038,27,28,1.16,84.5,9.6,4.37,9.36,4.54,3,High
INT_0039,24,20,2.88,60.05,8.39,9.5,1.56,3.13,9,High
INT_0040,29,7,4.79,76.79,1.01,6.78,1.83,1.87,2,High
INT_0041,7,11,5.43,54.83,6.73,7.04,2.47,2.61,1,High
INT_0042,9,6,2.81,72.52,1.46,6.69,6.36,8.18,4,High
INT_0043,23,29,1.98,87.81,3.32,2.79,2.35,7.1,2,High
INT_0044,11,24,6.84,67.38,1.54,4.77,9.71,5.92,9,High
INT_0045,25,19,7.89,83.25,6.43,7.76,5.02,5.28,6,High
INT_0046,13,11,4.68,89.77,7.18,1.91,5.51,9.3,5,High
INT_0047,11,3,2.2,96.36,2.03,3.5,3.22,1.65,0,High
INT_0048,22,23,2.91,61.73,4.45,3.49,5.24,3.53,7,High
INT_0049,8,22,1.13,69.97,5.11,4.89,6.96,4.15,1,High
INT_0050,29,15,7.4,57.62,4.32,9.82,7.76,8.04,4,High
INT_0051,18,18,1.82,99.62,2.09,1.61,7.78,9.93,8,High
INT_0052,22,15,5.04,96.35,4.77,5.67,6.2,3.17,7,High
INT_0053,13,16,2.92,77.0,7.76,2.61,9.14,8.87,1,High
INT_0054,25,5,4.88,92.1,1.64,9.74,8.36,8.48,8,High
INT_0055,6,8,5.56,76.05,1.72,2.02,7.81,3.02,4,High
INT_0056,24,20,6.81,81.18,4.19,4.63,1.5,4.59,9,High
INT_0057,19,21,2.44,54.46,9.48,7.64,1.06,4.69,5,High
INT_0058,11,7,1.08,87.76,7.02,7.34,2.91,9.8,2,High
INT_0059,16,17,1.96,56.39,7.11,4.8,6.97,2.63,2,High
INT_0060,12,27,7.3,91.3,4.26,4.12,4.7,8.19,9,High
INT_0061,19,4,7.12,89.1,6.34,4.58,4.62,4.01,7,High
INT_0062,7,12,5.18,85.44,1.09,3.38,8.96,7.58,9,High
INT_0063,18,26,5.2,51.81,6.72,2.85,9.06,4.78,9,High
INT_0064,21,20,5.66,65.16,9.22,5.35,9.18,6.21,1,High
INT_0065,8,29,2.23,63.16,6.51,3.42,3.82,8.49,1,High
INT_0066,22,15,7.4,68.01,8.86,3.59,7.22,8.24,4,High
INT_0067,12,7,3.93,54.38,7.52,6.91,3.44,8.8,5,High
INT_0068,8,25,3.68,96.85,2.09,9.72,2.72,1.54,1,High
INT_0069,6,26,4.63,77.69,9.12,6.43,2.66,7.23,4,High
INT_0070,10,3,1.33,65.28,1.6,1.69,4.08,2.26,6,Medium
INT_0071,26,24,2.16,69.85,5.81,1.68,4.87,4.74,9,High
INT_0072,14,3,6.17,72.36,2.28,9.56,8.48,5.94,9,High
INT_0073,8,20,1.58,80.03,1.11,3.68,2.08,4.62,7,High
INT_0074,26,17,5.22,75.78,4.8,1.83,7.61,5.68,6,High
INT_0075,22,19,2.72,95.97,3.66,6.39,5.78,9.97,7,High
INT_0076,16,13,3.73,74.85,5.37,6.61,3.59,2.22,8,High
INT_0077,6,23,3.02,99.61,6.19,6.84,5.44,7.08,4,High
INT_0078,14,28,3.49,92.57,1.39,3.41,3.7,4.56,4,High
INT_0079,8,27,6.03,60.43,2.11,1.14,6.36,2.2,9,High
INT_0080,18,24,3.08,96.53,6.03,9.69,4.9,2.43,3,High
INT_0081,20,29,4.96,55.82,4.09,3.26,2.48,9.54,8,High
INT_0082,19,29,4.33,90.87,7.56,7.08,2.05,8.92,4,High
INT_0083,12,19,5.65,69.03,6.87,7.36,5.92,9.16,1,High
INT_0084,18,15,7.56,93.9,8.61,6.49,9.12,9.92,9,High
INT_0085,27,3,6.13,93.4,7.23,3.82,4.1,2.87,7,High
INT_0086,29,4,2.5,90.3,4.87,3.44,7.6,4.2,6,High
INT_0087,12,11,1.22,89.5,7.06,6.38,6.93,7.02,7,High
INT_0088,25,5,2.84,65.23,3.48,8.79,9.38,5.35,2,High
INT_0089,20,3,5.17,54.05,3.76,9.52,8.39,4.77,3,High
INT_0090,17,23,1.36,70.15,8.1,1.95,6.1,4.22,4,High
INT_0091,22,18,4.47,58.68,5.02,2.39,6.91,6.34,5,High
INT_0092,19,25,5.18,84.75,8.19,9.5,9.09,6.18,0,High
INT_0093,25,8,3.34,67.3,8.4,7.63,4.6,2.45,3,High
INT_0094,28,19,6.4,98.78,8.72,8.95,3.94,5.25,9,High
INT_0095,29,7,1.75,82.05,9.25,2.82,1.1,5.98,4,High
INT_0096,17,7,1.53,91.12,4.88,6.29,8.44,6.13,6,High
INT_0097,13,8,6.1,56.63,3.87,7.31,8.21,2.89,4,High
INT_0098,19,5,4.47,93.1,6.24,7.12,1.94,7.68,0,High
INT_0099,17,23,5.82,96.14,4.34,4.67,6.19,1.23,6,High
INT_0100,5,25,4.04,74.35,6.41,1.14,5.18,4.19,7,High
INT_0101,29,7,2.72,80.31,7.35,6.25,2.07,8.02,6,High
INT_0102,11,23,6.73,88.24,7.2,3.28,9.83,6.08,3,High
INT_0103,13,7,6.6,58.74,4.37,5.05,2.93,3.35,7,High
INT_0104,28,12,5.86,75.13,2.5,9.62,1.61,7.25,4,High
INT_0105,5,12,2.91,69.93,4.87,4.59,6.35,6.11,9,High
INT_0106,16,21,5.13,57.32,2.28,8.56,7.65,8.17,8,High
INT_0107,12,19,3.53,68.38,9.01,2.7,1.29,7.62,9,High
INT_0108,28,23,1.64,53.41,4.11,7.05,6.93,6.49,4,High
INT_0109,15,16,7.42,51.29,2.39,9.79,5.79,5.39,0,High
INT_0110,23,11,1.96,56.76,1.23,1.92,1.93,2.2,8,Low
INT_0111,21,16,7.65,98.16,6.81,1.07,2.55,3.35,4,High
INT_0112,12,3,4.12,77.48,6.73,4.9,6.11,4.77,5,High
INT_0113,7,21,2.3,98.29,4.07,1.83,3.67,6.39,3,High
INT_0114,7,15,4.79,71.62,1.65,7.74,9.44,5.62,5,High
INT_0115,5,15,7.11,65.59,4.69,9.23,8.37,3.59,7,High
INT_0116,9,6,6.13,75.31,3.8,4.91,9.85,1.06,2,High
INT_0117,14,3,6.65,71.98,7.09,3.33,3.34,5.47,4,High
INT_0118,11,19,5.61,55.28,6.45,4.91,9.73,3.57,1,High
INT_0119,13,10,5.85,82.04,4.28,7.51,4.88,7.61,1,High
INT_0120,11,4,6.94,60.8,2.96,1.08,4.13,1.22,6,Medium
INT_0121,13,10,2.75,80.98,9.89,6.31,1.45,6.26,9,High
INT_0122,12,9,4.43,82.51,5.09,6.52,1.47,9.47,9,High
INT_0123,16,28,2.55,57.6,7.19,6.74,7.23,2.57,9,High
INT_0124,6,28,7.91,53.07,2.26,3.18,5.12,5.24,5,High
INT_0125,5,4,7.61,89.04,5.37,7.43,3.04,1.82,3,High
INT_0126,20,24,1.28,72.99,1.25,1.82,6.53,6.63,4,High
INT_0127,27,24,5.94,52.91,5.55,2.79,3.28,5.95,0,High
INT_0128,27,5,7.48,99.74,9.68,8.9,6.2,4.67,6,High
INT_0129,28,29,2.26,52.89,4.46,7.65,4.23,5.69,7,High
INT_0130,9,20,4.98,84.75,1.35,1.12,8.41,9.07,8,High
INT_0131,7,14,7.41,99.18,1.28,3.24,8.39,2.77,7,High
INT_0132,16,3,1.24,61.96,4.49,2.93,5.3,1.2,4,High
INT_0133,12,24,5.88,57.11,2.44,3.44,4.16,8.75,2,High
INT_0134,26,14,3.08,56.07,1.21,3.23,4.26,6.19,9,High
INT_0135,7,7,7.47,65.16,7.81,1.56,8.25,9.02,8,High
INT_0136,5,29,7.8,55.05,5.13,5.13,3.95,6.37,5,High
INT_0137,7,27,7.61,84.61,3.6,7.59,2.88,8.29,4,High
INT_0138,9,19,4.32,53.11,9.1,6.46,1.76,4.87,2,High
INT_0139,19,18,7.03,75.47,2.05,7.06,5.2,7.75,5,High
INT_0140,18,17,6.91,99.83,9.6,1.73,5.34,9.22,2,High
INT_0141,7,25,3.23,90.7,3.83,9.56,8.57,6.15,9,High
INT_0142,5,17,6.8,80.76,9.0,8.55,2.99,2.63,5,High
INT_0143,9,7,1.26,65.31,6.43,8.25,4.43,3.42,3,High
INT_0144,27,23,5.17,81.19,8.44,8.41,8.28,2.79,1,High
INT_0145,18,16,2.61,76.35,9.86,9.39,8.41,3.22,7,High
INT_0146,11,4,1.84,71.3,3.6,5.9,4.46,3.76,3,High
INT_0147,13,13,1.54,56.54,9.65,2.8,5.13,6.0,8,High
INT_0148,19,21,5.87,94.33,4.51,6.55,3.73,6.29,6,High
INT_0149,19,9,3.38,72.49,4.47,7.69,9.39,4.84,1,High
INT_0150,14,8,6.07,59.73,4.06,7.64,2.07,6.54,3,High
INT_0151,17,4,1.46,68.39,5.87,5.69,9.4,1.73,4,High
INT_0152,23,8,3.21,70.71,2.39,1.62,7.15,1.79,2,High
INT_0153,11,20,4.78,91.38,5.98,4.34,5.78,2.55,8,High
INT_0154,21,4,6.54,86.68,5.88,9.29,1.29,5.66,4,High
INT_0155,24,20,3.23,88.47,7.86,6.26,5.28,2.93,1,High
INT_0156,8,17,5.38,50.55,8.5,5.84,4.67,3.55,2,High
INT_0157,9,29,7.2,70.81,4.96,3.42,2.45,4.6,8,High
INT_0158,27,21,5.31,74.07,3.72,4.32,6.91,8.31,6,High
INT_0159,11,4,2.63,50.96,3.33,9.06,9.74,1.12,1,High
INT_0160,17,22,1.17,62.99,2.75,7.0,6.06,6.84,8,High
INT_0161,19,27,7.09,88.01,1.52,8.09,7.43,7.02,3,High
INT_0162,15,8,1.15,56.86,4.08,5.09,1.62,8.19,8,High
INT_0163,8,3,7.12,76.77,3.43,6.67,4.76,9.39,1,High
INT_0164,17,26,4.7,60.76,9.7,3.24,2.05,1.18,9,High
INT_0165,11,17,7.57,50.61,6.02,7.35,6.52,2.38,3,High
INT_0166,23,25,6.59,62.06,4.13,4.85,9.45,8.98,4,High
INT_0167,26,12,7.99,98.79,6.22,4.98,6.96,5.13,1,High
INT_0168,6,21,3.45,90.08,2.25,6.84,1.69,6.08,9,High
INT_0169,14,19,6.37,97.98,5.0,9.43,4.19,6.97,0,High
INT_0170,17,7,3.81,74.39,6.64,1.58,5.96,7.11,6,High
INT_0171,29,6,4.36,55.49,5.4,8.42,4.63,9.39,9,High
INT_0172,25,12,5.39,77.4,4.62,3.63,8.5,9.97,0,High
INT_0173,10,26,7.12,72.72,9.94,5.0,8.33,7.48,7,High
INT_0174,16,19,7.89,92.22,8.92,1.2,6.51,3.58,2,High
INT_0175,16,12,6.38,54.9,6.61,3.71,4.36,8.92,9,High
INT_0176,24,19,3.92,74.41,6.12,5.52,3.3,1.44,5,High
INT_0177,15,22,3.95,57.5,6.59,1.51,1.95,3.08,6,High
INT_0178,27,26,6.16,66.23,2.81,5.42,4.19,9.08,9,High
INT_0179,29,7,2.67,86.87,4.56,9.34,4.72,3.31,0,High
INT_0180,11,4,1.77,73.8,1.36,1.95,7.08,2.99,5,High
INT_0181,5,8,3.48,68.79,5.28,7.88,6.92,2.24,6,High
INT_0182,5,23,3.01,69.72,5.89,4.69,1.63,8.73,5,High
INT_0183,29,4,3.07,72.97,3.05,6.9,4.56,5.5,3,High
INT_0184,29,15,2.64,89.25,9.68,3.34,2.64,7.07,0,High
INT_0185,24,13,1.29,94.6,9.19,2.44,2.41,3.15,8,High
INT_0186,17,13,1.13,97.77,7.5,2.44,8.45,7.82,3,High
INT_0187,13,18,7.91,89.35,5.8,1.63,1.38,7.84,6,High
INT_0188,7,13,3.99,65.77,8.83,2.67,4.77,3.81,6,High
INT_0189,11,21,3.69,84.41,2.18,6.98,2.51,4.7,1,High
INT_0190,10,17,5.76,71.88,8.11,8.94,8.91,2.89,0,High
INT_0191,12,27,2.53,62.73,2.12,8.33,6.01,9.79,7,High
INT_0192,13,25,7.65,92.04,8.15,7.17,3.08,6.81,7,High
INT_0193,9,25,6.5,51.92,3.48,1.99,5.52,9.41,6,High
INT_0194,5,18,1.63,95.09,8.89,3.6,7.58,3.73,7,High
INT_0195,23,13,3.92,73.07,9.5,3.79,9.62,8.04,2,High
INT_0196,14,24,7.15,81.86,2.34,3.25,2.98,7.89,1,High
INT_0197,16,18,7.61,82.97,5.16,5.64,8.98,7.22,6,High
INT_0198,28,10,4.27,94.76,9.83,5.82,9.41,9.69,7,High
INT_0199,19,6,5.29,81.83,5.35,4.21,9.25,4.54,0,High
INT_0200,26,10,2.17,80.7,8.77,4.18,6.72,2.18,9,High
INT_0201,28,6,7.94,53.33,6.3,8.46,6.67,7.05,8,High
INT_0202,13,26,2.62,75.92,4.38,8.1,4.63,7.56,3,High
INT_0203,24,27,7.6,57.51,3.57,3.77,7.77,6.18,3,High
INT_0204,21,5,5.55,86.87,2.83,9.22,5.78,2.86,2,High
INT_0205,21,5,5.25,75.61,7.86,9.58,7.1,5.54,5,High
INT_0206,24,29,4.59,84.01,4.48,3.94,4.86,3.81,0,High
INT_0207,16,20,2.61,52.08,5.6,4.19,7.58,4.85,5,High
INT_0208,11,28,2.24,54.24,5.43,5.55,8.42,6.81,1,High
INT_0209,6,21,2.54,85.82,6.2,9.47,2.32,7.71,8,High
INT_0210,7,21,2.31,53.6,8.79,8.89,8.5,3.09,1,High
INT_0211,21,23,6.46,53.56,9.83,1.92,5.86,4.65,6,High
INT_0212,9,7,3.45,50.61,4.67,4.53,8.6,3.42,0,High
INT_0213,21,20,1.4,97.83,8.45,5.98,4.88,2.79,6,High
INT_0214,28,12,7.78,86.88,7.88,5.53,4.41,8.05,4,High
INT_0215,21,24,7.19,67.66,6.16,2.74,9.24,9.18,7,High
INT_0216,21,23,7.49,64.83,9.6,8.73,3.26,4.33,3,High
INT_0217,6,8,7.96,67.49,2.8,7.09,8.6,7.76,9,High
INT_0218,6,3,2.22,88.73,1.98,8.54,5.36,9.07,6,High
INT_0219,26,7,3.77,83.07,8.69,8.73,5.63,8.62,5,High
INT_0220,27,11,6.31,59.26,4.95,7.74,3.78,2.65,4,High
INT_0221,9,14,5.87,58.71,8.62,4.95,6.16,9.61,3,High
INT_0222,5,28,2.08,54.92,9.04,6.49,3.93,4.39,6,High
INT_0223,5,16,6.71,83.02,1.56,2.44,1.35,4.05,4,High
INT_0224,23,4,2.57,88.22,8.95,7.06,3.45,1.56,4,High
INT_0225,6,19,2.57,63.25,5.03,2.61,1.06,5.38,0,High
INT_0226,25,16,4.76,51.05,5.59,7.25,9.81,1.98,1,High
INT_0227,16,28,5.15,54.11,6.64,3.07,9.69,3.24,4,High
INT_0228,10,15,5.06,98.39,9.34,2.06,4.56,3.85,2,High
INT_0229,27,29,1.64,64.77,1.17,2.49,7.56,8.28,1,High
INT_0230,8,11,7.14,88.46,5.29,1.02,4.11,8.88,3,High
INT_0231,27,28,2.86,81.23,7.19,7.47,7.04,3.72,3,High
INT_0232,15,27,1.91,69.1,7.5,7.59,8.25,8.73,3,High
INT_0233,28,17,7.22,60.28,7.23,5.63,9.52,8.72,3,High
INT_0234,21,27,7.69,56.07,2.21,2.45,4.6,7.88,2,High
INT_0235,10,24,7.03,80.75,3.69,1.75,8.05,2.32,6,High
INT_0236,28,17,6.67,88.73,4.23,1.17,3.39,7.21,8,High
INT_0237,9,26,5.59,82.2,8.24,2.49,9.91,9.51,4,High
INT_0238,24,13,4.86,76.52,3.51,9.02,1.23,7.14,3,High
INT_0239,6,18,1.61,52.1,2.9,3.17,6.43,3.98,1,High
INT_0240,10,19,3.86,98.42,9.62,4.19,6.94,5.51,1,High
INT_0241,26,28,3.61,89.94,1.08,1.95,7.19,6.81,4,High
INT_0242,15,6,2.82,64.64,9.98,3.0,2.08,5.6,6,High
INT_0243,20,3,6.06,99.0,7.09,5.67,9.45,2.08,9,High
INT_0244,20,10,4.47,80.09,8.46,6.47,2.63,3.81,9,High
INT_0245,5,19,1.57,79.12,3.65,3.21,6.6,8.22,8,High
INT_0246,13,5,2.54,87.4,1.13,1.52,3.0,8.75,6,High
INT_0247,10,22,5.78,90.59,7.64,4.52,3.76,2.24,4,High
INT_0248,20,17,1.53,82.82,8.51,3.11,5.92,9.57,9,High
INT_0249,7,17,6.96,56.4,7.66,2.98,4.75,3.96,9,High
INT_0250,24,26,4.47,66.91,2.29,9.64,2.44,6.96,9,High
INT_0251,8,24,4.36,96.4,7.78,6.55,2.54,7.77,5,High
INT_0252,23,16,5.15,61.23,7.92,6.01,4.76,8.31,2,High
INT_0253,7,28,6.77,68.61,6.93,4.74,7.82,9.51,4,High
INT_0254,23,25,3.43,71.6,7.9,4.86,9.08,3.82,7,High
INT_0255,24,16,5.75,71.97,8.61,5.87,1.76,8.73,0,High
INT_0256,11,26,4.96,80.65,6.52,7.27,4.54,2.19,0,High
INT_0257,24,4,2.87,97.15,1.8,7.32,1.9,7.35,6,High
INT_0258,13,15,7.15,62.03,5.39,2.55,1.15,7.68,4,High
INT_0259,5,28,6.58,56.08,1.7,5.5,6.96,7.1,4,High
INT_0260,12,16,5.61,59.87,4.67,4.71,6.42,3.27,0,High
INT_0261,11,29,6.95,94.35,4.66,8.83,2.47,8.86,8,High
INT_0262,22,26,7.07,82.29,1.59,6.68,3.1,2.52,0,High
INT_0263,12,21,5.96,64.3,4.14,5.79,1.21,1.48,4,High
INT_0264,5,9,6.86,90.8,2.0,2.04,8.51,7.46,9,High
INT_0265,15,5,5.88,93.07,8.27,6.45,9.77,5.28,8,High
INT_0266,29,17,5.76,92.33,9.53,2.05,2.22,8.64,3,High
INT_0267,29,25,5.33,95.95,1.65,4.03,3.08,4.45,7,High
INT_0268,22,16,6.27,62.61,9.6,2.29,8.82,2.51,5,High
INT_0269,27,13,2.11,87.75,5.7,7.23,9.34,8.53,2,High
INT_0270,14,17,7.17,73.03,3.7,2.86,4.78,5.94,3,High
INT_0271,7,15,7.1,92.1,1.69,4.53,1.46,2.7,1,High
INT_0272,11,20,1.2,86.42,5.51,9.06,1.35,7.48,0,High
INT_0273,20,28,6.78,88.82,8.15,2.84,6.17,5.6,7,High
INT_0274,20,8,1.9,82.81,7.36,5.57,4.54,6.44,0,High
INT_0275,29,5,3.35,58.87,1.45,4.77,1.26,5.15,0,High
INT_0276,24,21,6.2,77.25,1.66,1.16,6.25,8.46,3,High
INT_0277,21,17,2.13,99.23,4.63,8.13,1.1,8.47,9,High
INT_0278,6,27,6.73,96.87,3.66,1.62,8.09,7.38,9,High
INT_0279,5,25,6.82,52.16,3.09,5.27,3.76,1.95,5,High
INT_0280,20,7,4.55,58.24,3.53,6.05,1.36,8.55,8,High
INT_0281,16,12,1.04,56.59,8.23,6.66,6.3,7.04,0,High
INT_0282,9,9,3.01,86.3,9.36,7.2,4.58,7.27,6,High
INT_0283,9,27,5.32,90.89,4.65,3.28,9.76,4.27,9,High
INT_0284,27,19,7.87,60.68,9.15,1.09,5.9,8.91,4,High
INT_0285,13,9,5.42,75.29,3.89,7.51,3.48,7.53,7,High
INT_0286,13,24,2.82,92.04,5.29,5.82,7.38,2.01,6,High
INT_0287,7,28,5.44,86.64,3.03,8.53,3.44,4.67,3,High
INT_0288,23,14,4.78,77.11,6.76,8.39,9.14,8.98,3,High
INT_0289,20,27,6.46,79.52,9.81,8.59,4.37,1.42,5,High
INT_0290,20,19,1.75,75.42,6.43,5.37,5.95,9.65,5,High
INT_0291,7,15,6.33,64.88,4.22,4.0,1.46,7.11,8,High
INT_0292,24,22,4.79,78.25,6.83,8.12,4.84,6.68,4,High
INT_0293,28,27,7.74,84.44,2.11,5.06,8.49,3.44,7,High
INT_0294,26,6,3.39,93.67,9.0,2.65,8.25,3.24,4,High
INT_0295,28,12,5.43,81.81,5.53,8.69,3.02,9.48,1,High
INT_0296,5,5,7.52,88.06,5.04,8.94,3.03,3.68,5,High
INT_0297,28,11,1.72,58.0,6.27,5.2,8.36,7.98,8,High
INT_0298,24,15,7.56,73.08,6.62,1.68,9.37,4.54,2,High
INT_0299,15,20,5.82,50.47,1.65,4.49,1.86,2.25,0,High
INT_0300,21,17,1.47,62.33,7.14,8.23,5.05,1.1,0,High
INT_0301,12,6,3.11,86.32,3.18,9.12,4.04,5.9,2,High
INT_0302,8,17,5.96,99.59,7.43,2.83,8.84,9.78,9,High
INT_0303,10,24,1.47,54.96,8.4,1.6,1.75,4.32,4,High
INT_0304,12,4,5.08,70.07,8.24,8.9,2.9,4.21,2,High
INT_0305,24,17,3.42,90.0,5.97,4.5,7.77,4.1,8,High
INT_0306,7,10,5.35,60.2,5.68,5.88,1.46,5.68,7,High
INT_0307,20,10,1.32,77.75,2.29,9.71,5.43,4.97,2,High
INT_0308,29,19,7.1,86.65,7.98,1.6,4.98,8.92,8,High
INT_0309,7,14,7.81,80.8,3.44,6.83,4.01,5.55,5,High
INT_0310,29,21,7.78,59.4,5.47,1.67,4.55,5.57,6,High
INT_0311,22,12,6.25,67.77,3.56,4.38,5.77,2.25,3,High
INT_0312,18,11,1.91,89.19,2.2,8.23,2.45,9.84,3,High
INT_0313,22,7,6.31,77.71,6.67,4.9,6.15,3.25,1,High
INT_0314,6,8,1.17,50.26,1.49,9.97,8.25,1.66,4,High
INT_0315,26,22,1.15,88.05,7.74,6.03,7.84,6.97,7,High
INT_0316,7,28,3.27,51.77,3.86,3.89,2.39,6.36,6,High
INT_0317,20,4,4.42,87.29,1.0,2.98,2.34,4.74,6,High
INT_0318,13,29,6.39,60.12,5.6,4.15,3.41,4.8,5,High
INT_0319,8,26,5.78,97.9,1.42,4.35,4.25,8.07,2,High
INT_0320,5,29,4.12,68.4,3.49,1.62,4.68,2.76,4,High
INT_0321,8,15,2.92,66.35,7.36,4.33,7.12,8.38,0,High
INT_0322,5,8,7.98,57.44,1.56,5.18,1.51,6.84,6,High
INT_0323,18,7,3.98,65.28,8.55,7.5,1.31,4.77,8,High
INT_0324,25,27,4.16,93.83,1.03,6.91,4.53,5.12,0,High
INT_0325,20,3,2.15,99.82,3.22,7.38,7.27,3.31,1,High
INT_0326,24,23,6.56,68.42,7.67,1.08,2.74,7.77,2,High
INT_0327,28,24,5.86,72.43,3.85,2.96,6.77,5.62,2,High
INT_0328,12,23,2.55,86.1,1.92,6.96,3.34,3.89,7,High
INT_0329,11,8,1.58,94.31,4.24,5.36,8.97,6.36,6,High
INT_0330,7,8,5.76,79.65,3.43,1.05,9.06,9.96,5,High
INT_0331,21,25,5.58,69.58,8.58,8.24,3.68,4.92,9,High
INT_0332,5,18,2.91,70.63,3.82,7.96,3.07,9.29,9,High
INT_0333,20,6,7.66,84.78,8.1,5.94,4.7,4.11,3,High
INT_0334,16,13,2.06,50.16,9.03,1.6,3.16,1.49,8,High
INT_0335,23,26,4.03,80.98,4.9,7.9,7.05,2.84,0,High
INT_0336,26,25,7.61,67.77,9.19,6.25,8.43,4.77,1,High
INT_0337,27,11,3.94,89.71,4.4,8.04,7.06,2.98,3,High
INT_0338,26,25,5.47,54.65,9.68,7.77,8.42,1.0,2,High
INT_0339,18,5,3.78,79.41,1.8,8.23,4.57,9.24,0,High
INT_0340,10,21,2.92,74.05,7.18,5.66,2.41,8.59,4,High
INT_0341,10,10,7.89,82.12,5.44,2.26,7.64,7.68,6,High
INT_0342,17,7,3.87,53.24,4.49,7.04,4.24,2.51,1,High
INT_0343,23,6,7.26,79.0,6.69,6.58,7.04,2.08,4,High
INT_0344,26,26,2.61,78.07,7.33,7.68,3.44,1.61,5,High
INT_0345,12,8,2.49,78.03,1.04,2.53,1.73,7.52,6,High
INT_0346,6,4,1.22,80.17,2.5,2.75,9.93,9.36,0,High
INT_0347,25,22,5.56,83.82,7.42,9.01,2.41,4.87,6,High
INT_0348,5,13,3.58,90.25,7.0,7.75,9.9,2.07,3,High
INT_0349,19,6,7.05,63.49,9.69,9.17,9.8,5.61,7,High
INT_0350,5,17,4.31,91.25,7.85,7.83,8.14,4.14,3,High
INT_0351,9,8,7.78,74.91,9.56,6.37,6.93,4.37,5,High
INT_0352,20,24,2.3,53.85,7.32,6.89,6.2,6.59,8,High
INT_0353,23,19,7.08,52.93,3.68,9.0,8.79,7.47,4,High
INT_0354,8,26,6.44,66.71,1.95,6.21,3.6,2.0,3,High
INT_0355,7,8,6.4,89.24,8.04,6.69,5.21,1.32,7,High
INT_0356,21,21,6.91,85.38,6.8,2.41,6.57,9.95,8,High
INT_0357,21,27,6.33,89.43,1.43,5.27,4.7,3.09,3,High
INT_0358,16,4,5.38,75.86,4.24,7.45,4.85,1.48,2,High
INT_0359,18,17,1.92,72.01,9.61,3.44,3.97,2.71,7,High
INT_0360,25,13,1.23,57.37,5.5,2.82,6.08,1.35,4,High
INT_0361,10,10,7.45,66.41,4.89,3.82,8.66,4.53,1,High
INT_0362,7,28,5.32,71.7,5.12,3.17,2.81,8.22,9,High
INT_0363,13,21,6.58,54.43,2.88,2.93,9.41,4.07,8,High
INT_0364,9,15,4.37,61.03,4.32,4.82,7.2,5.0,2,High
INT_0365,28,14,1.82,79.91,4.33,9.17,8.41,7.08,1,High
INT_0366,21,7,1.88,86.78,1.47,5.56,6.01,5.58,0,High
INT_0367,18,8,5.8,99.92,7.91,2.69,8.02,8.75,7,High
INT_0368,25,28,4.01,96.66,4.75,1.69,1.15,8.79,2,High
INT_0369,7,24,2.4,82.13,8.4,7.27,8.37,1.09,6,High
INT_0370,5,6,4.44,71.06,8.65,4.45,1.36,8.0,0,High
INT_0371,24,21,1.45,81.81,2.91,8.4,9.01,5.15,0,High
INT_0372,25,22,5.07,89.28,6.92,6.94,9.93,9.9,8,High
INT_0373,27,3,2.88,55.92,5.25,8.17,3.65,5.35,7,High
INT_0374,5,22,6.58,70.5,8.92,3.45,2.89,9.88,2,High
INT_0375,7,19,3.17,91.99,2.94,7.23,7.89,7.79,5,High
INT_0376,22,14,4.19,69.19,7.1,3.38,3.28,3.24,2,High
INT_0377,29,17,1.08,78.59,6.47,9.45,8.79,5.85,3,High
INT_0378,14,3,1.51,79.39,3.66,6.73,1.93,9.93,0,High
INT_0379,26,28,3.75,59.22,2.23,3.92,2.13,8.72,4,High
INT_0380,7,16,4.36,68.11,6.86,3.43,9.81,1.88,0,High
INT_0381,12,8,5.2,66.73,7.65,2.72,7.06,7.36,0,High
INT_0382,18,7,3.04,51.31,3.84,7.25,8.62,4.11,9,High
INT_0383,28,13,5.86,51.21,6.8,2.97,3.92,1.06,6,High
INT_0384,22,6,7.02,91.58,4.56,6.36,7.09,4.63,5,High
INT_0385,19,15,6.46,63.65,7.42,3.38,6.35,3.11,1,High
INT_0386,26,13,1.28,75.9,2.79,6.96,6.43,8.37,1,High
INT_0387,27,5,4.36,64.94,9.01,8.33,7.14,4.04,6,High
INT_0388,6,3,1.73,97.03,3.59,8.0,6.18,8.45,0,High
INT_0389,14,8,2.69,62.96,4.31,7.85,4.86,1.01,1,High
INT_0390,6,20,7.91,71.48,1.52,2.69,3.48,3.77,7,High
INT_0391,21,26,2.0,93.64,2.0,1.8,7.92,3.17,5,High
INT_0392,12,12,4.49,92.1,5.64,7.29,3.04,3.1,1,High
INT_0393,5,7,5.33,59.31,3.41,4.32,7.23,1.61,6,High
INT_0394,13,25,5.92,90.13,8.52,4.89,3.1,2.68,3,High
INT_0395,15,12,4.92,72.91,1.13,1.28,6.63,6.0,1,High
INT_0396,26,14,1.07,74.15,4.41,3.34,7.72,3.62,5,High
INT_0397,20,4,3.29,56.67,4.04,1.3,2.97,4.76,8,High
INT_0398,11,15,4.62,54.03,1.17,8.91,1.54,4.39,8,High
INT_0399,14,10,1.62,86.4,2.12,3.19,2.18,8.88,7,High
INT_0400,27,4,3.45,74.82,4.72,6.02,6.45,9.15,2,High
INT_0401,7,22,1.23,71.84,5.44,1.35,8.65,5.44,2,High
INT_0402,22,3,1.55,86.48,4.64,7.0,1.4,3.97,1,High
INT_0403,29,7,3.78,88.28,5.78,3.91,7.61,1.96,4,High
INT_0404,28,11,1.93,57.95,6.36,9.08,4.07,9.58,3,High
INT_0405,17,19,4.97,80.51,1.09,8.99,5.31,1.54,6,High
INT_0406,11,11,5.83,56.77,5.18,3.93,9.36,3.68,3,High
INT_0407,29,13,6.6,87.57,9.67,9.11,3.99,3.68,8,High
INT_0408,8,17,2.4,82.85,5.67,9.97,5.19,3.88,1,High
INT_0409,17,26,2.17,97.83,7.1,8.43,1.12,2.48,5,High
INT_0410,24,8,1.73,53.45,3.81,8.6,1.73,8.05,6,High
INT_0411,5,25,5.46,52.85,7.97,3.24,3.33,2.1,3,High
INT_0412,12,5,5.95,64.11,7.96,6.19,1.25,6.71,5,High
INT_0413,18,19,1.22,63.09,5.69,1.61,6.68,2.11,6,High
INT_0414,20,7,7.55,62.35,9.78,1.85,4.84,1.63,3,High
INT_0415,18,14,1.36,95.31,2.13,9.99,5.93,9.18,7,High
INT_0416,16,20,4.79,62.48,1.15,3.94,2.57,2.71,8,High
INT_0417,23,16,5.96,63.6,7.93,7.73,3.66,8.39,0,High
INT_0418,27,23,7.1,87.97,8.26,8.26,6.97,5.9,6,High
INT_0419,19,26,6.0,72.49,2.08,8.72,9.69,1.7,8,High
INT_0420,6,13,6.61,88.84,3.39,9.98,1.45,9.6,9,High
INT_0421,6,11,3.38,53.27,1.16,3.17,9.01,3.22,4,High
INT_0422,27,4,6.7,74.38,3.64,1.36,6.19,8.74,1,High
INT_0423,26,14,1.56,51.68,7.96,4.7,6.08,2.52,9,High
INT_0424,23,5,7.26,53.13,5.66,2.17,5.5,8.69,5,High
INT_0425,29,5,4.83,95.32,4.13,1.2,1.62,1.12,6,Medium
INT_0426,26,3,6.72,56.96,4.35,4.24,1.81,5.61,1,High
INT_0427,26,10,4.17,76.62,1.01,8.05,6.41,7.92,1,High
INT_0428,21,24,5.51,70.55,3.7,6.1,4.07,9.41,9,High
INT_0429,24,10,4.68,67.37,6.82,3.82,9.26,9.18,9,High
INT_0430,14,13,6.12,94.99,9.77,6.89,4.66,8.38,0,High
INT_0431,10,11,1.57,51.09,8.62,3.09,2.29,8.99,3,High
INT_0432,19,7,1.42,83.19,1.21,1.13,7.43,2.79,6,High
INT_0433,26,16,2.73,98.17,9.09,7.88,3.64,3.56,8,High
INT_0434,15,5,2.12,78.01,8.05,6.61,5.73,3.6,2,High
INT_0435,9,23,7.1,96.84,8.02,7.86,7.28,4.39,6,High
INT_0436,5,7,2.53,52.61,5.12,1.35,9.1,4.54,6,High
INT_0437,12,7,7.83,70.94,4.58,8.53,8.13,5.9,6,High
INT_0438,25,21,3.36,63.01,3.73,6.58,7.09,2.44,1,High
INT_0439,16,29,2.27,86.54,1.59,6.07,7.12,7.22,5,High
INT_0440,16,16,6.53,99.06,3.05,6.62,9.51,2.51,1,High
INT_0441,9,28,5.61,62.83,3.22,8.78,3.66,3.79,5,High
INT_0442,11,6,4.49,82.71,5.36,6.28,1.01,5.53,9,High
INT_0443,8,27,4.89,59.9,7.73,6.23,3.45,8.17,2,High
INT_0444,10,15,6.03,78.27,5.26,9.92,2.96,7.66,1,High
INT_0445,17,12,2.6,73.2,1.52,7.81,6.96,6.81,5,High
INT_0446,24,27,7.97,98.6,9.62,4.98,6.7,2.4,1,High
INT_0447,19,20,7.82,80.43,9.48,7.37,6.34,5.92,4,High
INT_0448,7,10,5.55,67.48,8.07,4.5,1.15,1.79,1,High
INT_0449,27,10,2.4,55.7,9.92,3.06,7.56,4.4,2,High
INT_0450,12,9,5.76,57.56,5.9,6.37,3.91,4.72,2,High
INT_0451,24,10,1.51,61.27,9.66,9.35,6.99,1.36,5,High
INT_0452,20,16,1.21,62.55,1.68,9.36,6.01,3.47,5,High
INT_0453,17,21,2.8,92.53,4.29,4.08,4.08,9.6,9,High
INT_0454,22,8,4.24,78.06,3.03,5.75,2.21,9.58,2,High
INT_0455,14,3,7.08,76.17,2.76,2.9,1.85,4.17,2,High
INT_0456,23,25,6.09,55.74,2.27,9.96,8.48,1.39,0,High
INT_0457,21,17,6.2,93.01,6.6,9.83,9.27,2.61,6,High
INT_0458,28,3,3.98,86.14,8.03,6.85,6.85,4.53,7,High
INT_0459,23,27,3.42,53.38,6.2,8.24,1.93,9.53,1,High
INT_0460,27,19,3.6,85.39,2.32,7.44,4.62,2.27,3,High
INT_0461,9,3,7.91,77.18,8.3,6.34,7.56,7.87,9,High
INT_0462,25,17,1.28,54.09,6.72,1.48,8.02,1.98,6,High
INT_0463,27,25,7.07,72.92,4.49,5.09,2.06,9.83,7,High
INT_0464,13,4,5.05,74.23,7.07,7.07,1.0,4.43,0,High
INT_0465,16,16,4.07,58.29,3.34,7.1,7.41,7.98,3,High
INT_0466,25,23,6.08,97.28,4.11,4.36,4.21,4.08,5,High
INT_0467,5,10,4.41,92.5,9.26,9.48,3.29,6.65,2,High
INT_0468,5,10,7.11,83.45,3.61,2.51,1.12,2.73,4,High
INT_0469,19,21,7.3,73.11,5.23,5.5,5.86,2.31,9,High
INT_0470,6,9,3.95,70.59,9.01,7.22,8.66,9.44,8,High
INT_0471,26,21,2.94,82.55,7.37,7.27,9.62,9.26,2,High
INT_0472,20,8,5.15,77.27,1.56,6.84,6.09,8.99,4,High
INT_0473,29,8,7.39,53.11,2.33,3.48,5.63,6.63,7,High
INT_0474,12,5,2.47,75.63,1.07,2.41,1.77,8.27,5,High
INT_0475,17,9,5.36,90.32,6.68,6.72,5.94,1.62,3,High
INT_0476,25,21,5.42,72.96,5.03,6.39,4.42,4.01,7,High
INT_0477,5,10,6.13,52.6,2.21,2.61,6.46,3.82,2,High
INT_0478,20,12,1.92,89.31,9.62,7.35,4.5,6.72,2,High
INT_0479,11,22,6.01,60.07,5.77,5.1,3.16,4.2,3,High
INT_0480,9,17,7.36,62.93,3.18,7.01,1.85,2.34,8,High
INT_0481,26,17,2.26,58.24,5.51,8.54,3.83,6.37,4,High
INT_0482,27,3,2.66,66.51,7.12,2.53,1.87,8.33,7,High
INT_0483,7,22,7.8,87.84,1.69,1.17,2.59,4.44,5,High
INT_0484,16,9,2.27,75.97,3.47,8.01,9.89,2.19,2,High
INT_0485,20,29,6.98,60.24,8.26,6.49,5.0,2.77,7,High
INT_0486,23,6,4.45,93.89,5.14,7.3,5.79,3.14,8,High
INT_0487,9,8,2.73,93.98,5.92,8.54,8.86,3.7,7,High
INT_0488,26,27,7.1,93.53,4.9,8.23,9.96,6.79,3,High
INT_0489,29,3,4.12,61.94,1.4,9.65,6.24,6.41,5,High
INT_0490,18,7,4.6,72.56,2.49,5.82,8.31,7.26,0,High
INT_0491,9,29,3.51,99.25,5.01,5.4,3.94,4.26,3,High
INT_0492,19,25,5.15,88.6,2.88,4.62,3.75,8.42,7,High
INT_0493,21,3,2.14,51.36,1.45,2.38,4.62,2.84,0,High
INT_0494,18,6,3.74,53.26,8.59,6.15,7.05,5.22,2,High
INT_0495,24,24,7.79,73.2,9.83,3.49,7.14,8.21,0,High
INT_0496,9,4,2.81,95.46,8.14,9.29,3.84,2.62,8,High
INT_0497,16,12,5.6,76.94,8.68,6.25,2.2,1.99,1,High
INT_0498,20,7,3.28,74.89,3.18,6.34,6.69,8.95,8,High
INT_0499,20,29,6.41,55.27,9.65,4.19,2.15,4.09,3,High
INT_0500,25,12,1.92,82.84,2.77,1.47,6.21,7.15,1,High
INT_0501,11,3,7.79,91.11,9.56,1.29,7.24,1.23,3,High
INT_0502,8,24,4.18,69.02,9.95,4.81,7.31,7.21,9,High
INT_0503,5,8,2.65,88.78,7.41,1.76,7.78,3.84,5,High
INT_0504,9,15,1.51,98.22,9.83,6.46,8.86,1.5,6,High
INT_0505,27,17,2.19,60.19,6.13,8.93,5.5,6.49,2,High
INT_0506,14,6,4.64,76.17,3.34,8.95,7.57,3.17,2,High
INT_0507,26,15,3.36,64.36,4.93,6.93,6.57,4.48,9,High
INT_0508,9,26,6.8,89.64,6.34,2.9,2.68,1.73,7,High
INT_0509,8,22,4.02,78.88,1.66,8.77,1.23,2.32,4,High
INT_0510,6,26,2.74,81.73,6.6,8.97,3.56,3.68,3,High
INT_0511,24,17,5.32,89.9,9.83,2.77,4.99,1.81,6,High
INT_0512,14,10,5.95,69.8,2.71,7.64,6.55,9.2,6,High
INT_0513,23,7,2.17,95.75,8.13,3.58,8.65,1.05,8,High
INT_0514,5,17,2.17,76.65,9.17,8.22,2.77,5.35,8,High
INT_0515,28,6,1.26,57.9,9.49,9.98,2.13,2.11,4,High
INT_0516,9,14,6.15,84.79,9.64,1.27,9.67,3.77,7,High
INT_0517,17,15,5.65,89.66,5.69,9.08,1.97,9.33,9,High
INT_0518,8,4,4.32,65.84,9.8,6.6,5.31,2.46,0,High
INT_0519,20,29,6.91,92.86,7.82,9.76,6.27,9.69,8,High
INT_0520,28,21,6.64,95.31,2.46,5.19,5.87,2.85,7,High
INT_0521,20,21,5.1,63.85,5.29,8.63,1.77,7.67,5,High
INT_0522,27,6,7.08,99.18,7.46,1.56,1.51,5.92,2,High
INT_0523,6,6,2.44,57.04,3.23,4.02,1.95,8.96,2,High
INT_0524,21,28,1.78,60.1,6.77,1.6,6.27,5.99,7,High
INT_0525,24,13,2.89,59.21,7.0,9.78,5.9,5.81,4,High
INT_0526,28,29,1.4,94.7,2.46,8.35,3.1,2.76,9,High
INT_0527,16,7,4.72,82.71,6.09,8.67,6.74,2.5,6,High
INT_0528,22,22,7.56,57.61,7.94,9.44,8.38,9.25,4,High
INT_0529,7,13,1.28,72.02,5.49,1.77,1.37,3.95,7,High
INT_0530,5,12,1.85,80.76,1.11,4.47,5.48,4.35,9,High
INT_0531,5,10,4.17,54.17,1.08,1.64,7.2,7.84,9,High
INT_0532,23,8,7.54,94.12,4.21,2.9,3.27,4.05,3,High
INT_0533,15,8,3.21,90.18,9.34,3.06,3.77,9.57,1,High
INT_0534,9,10,4.55,75.26,3.06,5.22,6.52,7.64,2,High
INT_0535,16,25,1.29,98.36,6.71,3.42,9.08,6.38,7,High
INT_0536,7,17,2.04,70.89,3.0,1.91,8.29,8.93,6,High
INT_0537,5,28,7.91,99.21,3.9,2.51,6.25,1.45,1,High
INT_0538,5,16,7.76,83.4,8.63,2.33,7.57,3.31,5,High
INT_0539,12,13,1.03,81.73,7.56,9.76,4.28,5.19,8,High
INT_0540,14,14,7.66,58.3,1.86,7.83,6.77,3.04,3,High
INT_0541,15,28,5.47,94.1,4.86,9.71,5.2,7.7,8,High
INT_0542,16,15,7.08,71.37,1.26,4.96,2.71,9.27,1,High
INT_0543,17,10,4.18,58.11,5.33,3.51,7.32,4.81,1,High
INT_0544,16,20,4.61,50.63,6.96,8.18,6.01,4.08,8,High
INT_0545,18,27,4.42,77.99,2.07,3.94,4.23,9.65,6,High
INT_0546,6,3,5.67,76.37,3.6,3.69,9.2,5.0,6,High
INT_0547,23,17,1.98,85.97,4.58,3.09,1.19,5.4,0,High
INT_0548,22,10,1.21,94.51,9.28,2.17,3.84,4.16,5,High
INT_0549,7,13,3.16,53.97,9.94,3.31,1.51,9.19,6,High
INT_0550,27,14,5.93,86.57,1.4,4.2,7.9,6.12,5,High
INT_0551,21,14,2.41,59.37,7.85,7.07,7.32,7.86,5,High
INT_0552,12,6,5.71,92.91,4.35,1.56,3.98,8.31,1,High
INT_0553,14,18,7.79,90.95,4.53,2.89,7.08,4.08,5,High
INT_0554,6,6,1.66,77.04,7.79,8.28,4.56,4.9,3,High
INT_0555,23,7,5.71,85.51,9.27,2.32,7.81,8.64,8,High
INT_0556,13,26,4.11,65.72,9.56,4.08,5.09,4.27,0,High
INT_0557,11,7,7.08,73.56,6.19,8.78,4.71,8.15,7,High
INT_0558,8,10,2.24,91.08,4.21,2.39,9.41,9.47,4,High
INT_0559,25,12,5.85,72.96,8.09,1.74,3.26,6.61,0,High
INT_0560,22,19,6.87,67.89,3.26,5.36,2.08,7.67,3,High
INT_0561,17,28,7.61,74.71,6.08,3.72,6.26,8.25,0,High
INT_0562,15,11,5.78,91.41,4.23,6.07,9.72,8.61,5,High
INT_0563,28,24,4.48,66.76,6.91,8.23,4.4,4.56,1,High
INT_0564,8,21,5.32,58.69,3.16,2.23,1.56,1.46,4,High
INT_0565,29,16,7.08,85.6,2.72,6.23,4.05,4.62,6,High
INT_0566,25,10,4.99,91.3,9.26,5.55,5.55,7.06,1,High
INT_0567,29,11,1.21,55.03,1.92,2.3,2.46,5.05,5,High
INT_0568,8,24,7.52,61.99,5.55,6.62,6.92,7.74,5,High
INT_0569,14,13,5.83,57.1,2.99,3.46,9.98,4.21,4,High
INT_0570,9,25,5.74,67.4,1.35,5.39,5.07,6.71,4,High
INT_0571,13,3,2.51,72.52,1.32,1.74,4.19,2.68,2,High
INT_0572,28,16,5.61,87.44,2.58,5.14,4.61,7.74,9,High
INT_0573,7,7,3.76,82.56,8.8,3.76,2.04,5.91,9,High
INT_0574,21,23,5.56,81.05,3.54,8.4,8.95,2.84,1,High
INT_0575,7,28,1.75,67.62,9.55,1.51,4.73,3.63,6,High
INT_0576,20,16,5.6,92.07,6.23,4.77,4.49,7.74,0,High
INT_0577,8,6,8.0,73.56,4.93,5.13,6.94,5.34,5,High
INT_0578,22,24,1.34,98.96,6.22,7.53,4.98,2.94,5,High
INT_0579,21,25,7.84,81.71,5.65,6.17,6.83,9.71,2,High
INT_0580,11,27,3.85,56.31,7.83,7.0,1.55,7.44,1,High
INT_0581,28,3,7.1,83.81,3.54,7.99,8.32,9.61,1,High
INT_0582,27,24,6.48,66.26,4.18,8.76,9.46,4.84,8,High
INT_0583,9,25,4.97,84.32,9.05,3.82,6.84,5.28,4,High
INT_0584,16,21,6.17,53.48,9.52,5.84,9.59,9.08,6,High
INT_0585,21,10,7.15,58.74,9.03,8.56,2.36,5.73,4,High
INT_0586,27,17,3.83,92.79,4.78,9.91,5.3,7.37,6,High
INT_0587,17,23,3.29,61.36,8.02,9.01,6.42,3.27,3,High
INT_0588,27,17,5.67,91.85,5.29,4.34,6.24,5.02,7,High
INT_0589,29,11,6.65,63.96,5.48,2.76,4.61,2.11,9,High
INT_0590,7,23,6.34,82.14,2.84,5.4,4.04,2.85,9,High
INT_0591,13,11,6.58,84.71,6.32,7.67,2.14,1.01,6,High
INT_0592,21,12,4.05,75.63,2.68,5.43,4.53,1.35,9,High
INT_0593,21,22,6.72,65.27,3.98,5.35,2.46,9.8,4,High
INT_0594,24,27,1.84,60.63,8.7,8.54,7.61,3.18,5,High
INT_0595,20,23,4.81,51.66,2.86,4.25,2.88,6.97,4,High
INT_0596,29,28,1.04,65.2,1.64,8.74,1.53,8.55,6,High
INT_0597,26,11,3.27,82.66,1.62,4.66,5.97,5.96,1,High
INT_0598,17,5,3.57,96.92,9.47,3.95,6.36,2.38,4,High
INT_0599,23,22,3.77,93.56,5.56,5.09,8.85,7.55,9,High
INT_0600,21,27,5.87,88.3,4.68,7.86,6.19,6.4,2,High
INT_0601,8,28,3.72,89.42,8.3,2.13,4.11,7.58,8,High
INT_0602,16,13,4.14,83.25,8.52,2.77,8.23,7.93,5,High
INT_0603,13,8,2.66,63.01,3.99,9.56,5.86,9.78,9,High
INT_0604,23,4,3.61,95.36,7.24,2.58,1.71,6.16,2,High
INT_0605,16,9,2.59,83.54,7.94,6.11,6.09,4.07,6,High
INT_0606,13,20,1.51,78.02,6.89,6.21,9.17,6.84,3,High
INT_0607,11,29,5.22,55.55,2.36,5.41,4.57,1.62,2,High
INT_0608,18,4,5.68,72.35,8.88,6.8,3.67,9.08,7,High
INT_0609,24,29,5.34,73.02,5.85,3.07,2.29,2.07,3,High
INT_0610,23,19,4.24,93.23,3.54,5.97,2.36,3.95,0,High
INT_0611,19,13,3.66,77.33,4.83,4.35,4.89,8.34,5,High
INT_0612,20,29,7.04,69.02,1.34,6.96,6.36,6.38,9,High
INT_0613,25,14,4.63,98.84,2.15,2.27,1.73,4.54,0,High
INT_0614,9,29,4.35,55.54,7.89,6.14,9.46,5.26,4,High
INT_0615,7,21,1.18,71.13,1.0,2.67,7.8,8.69,6,High
INT_0616,16,24,3.39,52.1,4.75,3.51,6.28,4.06,5,High
INT_0617,29,26,3.66,87.0,5.7,2.97,8.46,8.83,1,High
INT_0618,24,27,3.79,95.9,1.49,2.65,1.72,1.79,3,High
INT_0619,25,9,5.06,64.0,9.76,8.43,5.29,7.99,1,High
INT_0620,8,22,4.74,92.92,3.04,3.57,6.67,8.63,0,High
INT_0621,25,8,5.26,64.61,3.74,9.34,8.46,2.64,2,High
INT_0622,27,23,6.35,95.54,3.74,9.73,8.05,4.87,2,High
INT_0623,20,26,6.69,87.7,3.07,6.14,3.49,2.49,6,High
INT_0624,29,3,6.03,90.25,1.01,2.29,9.47,7.36,0,High
INT_0625,11,19,7.69,50.9,7.56,4.37,2.12,5.82,8,High
INT_0626,17,13,1.13,98.14,9.7,8.18,8.88,6.72,5,High
INT_0627,25,24,2.37,86.33,3.02,4.31,9.74,2.77,3,High
INT_0628,14,28,1.05,65.24,6.97,1.78,2.59,2.91,2,High
INT_0629,11,20,5.53,91.47,7.68,6.01,7.5,1.37,2,High
INT_0630,18,23,7.29,64.08,8.64,8.61,1.36,3.9,1,High
INT_0631,9,19,2.7,93.64,4.8,8.16,4.65,6.04,1,High
INT_0632,7,9,7.49,55.63,3.73,2.58,5.65,8.72,9,High
INT_0633,27,19,1.42,85.18,3.93,7.05,6.23,7.0,4,High
INT_0634,15,22,7.54,77.03,7.41,2.98,9.42,4.92,8,High
INT_0635,15,11,3.46,54.83,8.35,2.96,7.05,9.58,1,High
INT_0636,22,19,1.71,62.09,2.63,8.87,5.33,7.47,1,High
INT_0637,19,22,4.4,50.62,4.34,3.25,8.29,9.37,5,High
INT_0638,16,24,2.8,73.44,9.12,3.37,9.55,5.75,9,High
INT_0639,13,24,2.99,65.06,8.26,1.01,1.2,3.33,1,High
INT_0640,14,10,3.15,79.92,9.86,8.84,9.84,1.48,3,High
INT_0641,16,19,6.62,64.86,7.79,8.13,1.78,7.53,5,High
INT_0642,21,9,4.77,65.0,4.54,6.65,8.33,2.09,4,High
INT_0643,10,3,3.18,87.16,6.32,7.75,3.52,3.72,0,High
INT_0644,11,15,5.27,52.41,6.95,2.37,2.19,5.79,5,High
INT_0645,18,25,6.01,95.14,1.71,5.12,4.96,6.08,0,High
INT_0646,17,21,2.91,92.61,5.9,4.16,6.8,6.41,2,High
INT_0647,12,29,3.89,83.39,7.38,1.84,4.43,2.5,9,High
INT_0648,14,26,1.85,79.66,2.51,5.38,1.49,4.42,4,High
INT_0649,13,21,2.27,94.62,8.03,9.29,6.4,6.55,9,High
INT_0650,22,19,5.77,59.27,6.25,1.36,9.12,9.73,4,High
INT_0651,6,15,2.27,53.95,9.57,3.62,4.45,7.55,9,High
INT_0652,9,18,4.68,61.98,1.38,2.87,2.95,9.3,5,High
INT_0653,9,10,5.96,89.73,3.39,3.14,4.98,7.86,9,High
INT_0654,10,21,1.75,51.73,6.41,9.18,1.44,6.33,7,High
INT_0655,23,20,4.97,79.14,3.67,5.21,8.38,2.73,4,High
INT_0656,12,3,2.8,99.77,7.43,5.2,8.44,7.0,0,High
INT_0657,20,16,7.74,92.78,7.83,7.85,6.29,6.61,4,High
INT_0658,17,21,4.38,76.07,1.92,2.39,4.18,6.42,2,High
INT_0659,5,17,6.64,53.18,5.62,5.39,8.2,5.41,3,High
INT_0660,26,20,4.85,91.57,5.58,4.87,5.99,5.76,7,High
INT_0661,24,4,1.3,79.95,4.32,6.37,8.43,4.01,6,High
INT_0662,21,24,5.43,55.75,9.4,10.0,6.68,5.67,4,High
INT_0663,11,19,7.66,54.69,8.45,7.93,8.06,2.78,1,High
INT_0664,29,20,5.21,95.48,7.27,4.58,6.39,8.25,5,High
INT_0665,17,8,6.73,83.46,7.43,8.45,4.73,2.67,5,High
INT_0666,8,21,7.19,91.46,5.16,2.54,9.62,1.76,9,High
INT_0667,8,6,2.6,93.95,9.29,1.27,5.87,4.93,9,High
INT_0668,10,3,2.48,78.59,7.25,2.84,6.45,6.92,5,High
INT_0669,23,10,5.28,75.87,7.56,4.06,2.98,4.94,8,High
INT_0670,16,25,3.88,71.52,8.76,5.6,6.63,3.49,7,High
INT_0671,26,9,6.88,65.85,3.47,6.54,6.14,6.02,7,High
INT_0672,11,5,7.3,71.73,8.26,9.2,2.66,4.12,0,High
INT_0673,14,12,3.47,88.69,2.76,5.59,1.54,9.4,4,High
INT_0674,23,12,2.66,80.1,4.11,5.51,6.44,9.3,6,High
INT_0675,11,21,6.46,94.63,4.02,1.45,7.87,5.52,5,High
INT_0676,7,16,2.92,72.17,9.81,1.31,5.71,3.95,4,High
INT_0677,17,4,6.76,80.35,8.71,5.96,3.04,7.63,7,High
INT_0678,17,3,3.97,81.57,7.31,4.94,7.0,1.33,2,High
INT_0679,22,25,5.67,79.58,7.54,8.55,1.72,5.27,5,High
INT_0680,24,25,1.67,85.13,6.06,2.45,4.98,4.03,4,High
INT_0681,12,20,5.37,61.87,9.52,1.22,2.47,9.28,7,High
INT_0682,13,9,4.16,75.62,5.47,5.04,2.66,1.11,3,High
INT_0683,11,10,5.11,55.21,4.42,3.14,2.82,5.98,7,High
INT_0684,5,3,2.18,69.23,2.47,1.45,4.48,7.67,9,High
INT_0685,7,27,6.16,74.38,8.08,7.52,1.46,5.37,1,High
INT_0686,17,25,7.04,82.61,7.61,2.0,4.58,1.77,8,High
INT_0687,29,5,2.52,97.53,4.46,6.47,5.61,9.75,8,High
INT_0688,21,26,1.67,80.03,1.23,3.53,5.35,5.66,9,High
INT_0689,29,25,1.17,87.18,8.55,2.56,4.45,6.53,9,High
INT_0690,28,29,5.49,75.31,1.1,4.42,8.55,3.13,5,High
INT_0691,5,10,5.25,81.71,7.33,8.21,2.31,5.35,3,High
INT_0692,10,24,4.83,53.55,9.73,4.53,5.55,4.86,3,High
INT_0693,25,27,2.62,62.72,4.94,7.76,1.56,1.67,5,High
INT_0694,10,17,3.74,68.09,3.11,2.13,1.64,1.96,4,High
INT_0695,16,7,5.16,73.62,7.34,7.95,6.16,8.54,5,High
INT_0696,17,5,4.48,52.28,8.35,3.13,6.09,3.16,6,High
INT_0697,17,21,7.91,57.0,5.92,7.1,8.9,2.75,6,High
INT_0698,19,3,1.96,63.84,9.7,6.09,6.02,5.54,8,High
INT_0699,25,17,5.87,98.58,1.47,9.36,9.64,7.92,7,High
INT_0700,20,10,3.83,66.57,5.54,4.49,1.44,1.56,5,High
